date,state,positive
3/7/2021,WA,344532
3/6/2021,WA,343868
3/5/2021,WA,343090
3/4/2021,WA,342236
3/3/2021,WA,341441
3/2/2021,WA,340708
3/1/2021,WA,339773
2/28/2021,WA,339773
2/27/2021,WA,338822
2/26/2021,WA,337653
2/25/2021,WA,336565
2/24/2021,WA,335693
2/23/2021,WA,334962
2/22/2021,WA,333794
2/21/2021,WA,333794
2/20/2021,WA,332904
2/19/2021,WA,332007
2/18/2021,WA,330807
2/17/2021,WA,329746
2/16/2021,WA,328047
2/15/2021,WA,328047
2/14/2021,WA,328047
2/13/2021,WA,327167
2/12/2021,WA,326159
2/11/2021,WA,324706
2/10/2021,WA,324025
2/9/2021,WA,323214
2/8/2021,WA,320146
2/7/2021,WA,320146
2/6/2021,WA,319371
2/5/2021,WA,317878
2/4/2021,WA,316294
2/3/2021,WA,314692
2/2/2021,WA,313335
2/1/2021,WA,311597
1/31/2021,WA,311597
1/30/2021,WA,309801
1/29/2021,WA,307809
1/28/2021,WA,305289
1/27/2021,WA,303482
1/26/2021,WA,302141
1/25/2021,WA,300198
1/24/2021,WA,300198
1/23/2021,WA,298249
1/22/2021,WA,296087
1/21/2021,WA,294017
1/20/2021,WA,291989
1/19/2021,WA,289939
1/18/2021,WA,289939
1/17/2021,WA,285970
1/16/2021,WA,285970
1/15/2021,WA,283777
1/14/2021,WA,281202
1/13/2021,WA,278544
1/12/2021,WA,276686
1/11/2021,WA,271595
1/10/2021,WA,271595
1/9/2021,WA,268607
1/8/2021,WA,264012
1/7/2021,WA,260752
1/6/2021,WA,258767
1/5/2021,WA,256435
1/4/2021,WA,255396
1/3/2021,WA,246752
1/2/2021,WA,246752
1/1/2021,WA,246752
12/31/2020,WA,242330
12/30/2020,WA,240846
12/29/2020,WA,238672
12/28/2020,WA,236719
12/27/2020,WA,236719
12/26/2020,WA,233093
12/25/2020,WA,233093
12/24/2020,WA,230202
12/23/2020,WA,227887
12/22/2020,WA,226635
12/21/2020,WA,222600
12/20/2020,WA,222600
12/19/2020,WA,220268
12/18/2020,WA,217205
12/17/2020,WA,214265
12/16/2020,WA,214204
12/15/2020,WA,213537
12/14/2020,WA,212885
12/13/2020,WA,211475
12/12/2020,WA,209247
12/11/2020,WA,206826
12/10/2020,WA,204269
12/9/2020,WA,201292
12/8/2020,WA,197642
12/7/2020,WA,196460
12/6/2020,WA,194687
12/5/2020,WA,191607
12/4/2020,WA,188469
12/3/2020,WA,185157
12/2/2020,WA,181756
12/1/2020,WA,177054
11/30/2020,WA,175740
11/29/2020,WA,173561
11/28/2020,WA,170937
11/27/2020,WA,170407
11/26/2020,WA,167471
11/25/2020,WA,164314
11/24/2020,WA,160636
11/23/2020,WA,159231
11/22/2020,WA,157341
11/21/2020,WA,154148
11/20/2020,WA,151066
11/19/2020,WA,147996
11/18/2020,WA,144780
11/17/2020,WA,141326
11/16/2020,WA,140157
11/15/2020,WA,138276
11/14/2020,WA,135666
11/13/2020,WA,132756
11/12/2020,WA,130593
11/11/2020,WA,128209
11/10/2020,WA,125496
11/9/2020,WA,124719
11/8/2020,WA,123312
11/7/2020,WA,121381
11/6/2020,WA,119257
11/5/2020,WA,117385
11/4/2020,WA,115790
11/3/2020,WA,114084
11/2/2020,WA,113541
11/1/2020,WA,112754
10/31/2020,WA,111607
10/30/2020,WA,110362
10/29/2020,WA,109260
10/28/2020,WA,108185
10/27/2020,WA,107052
10/26/2020,WA,106704
10/25/2020,WA,106115
10/24/2020,WA,105280
10/23/2020,WA,104431
10/22/2020,WA,103646
10/21/2020,WA,102728
10/20/2020,WA,101815
10/19/2020,WA,101517
10/18/2020,WA,101108
10/17/2020,WA,100444
10/16/2020,WA,99674
10/15/2020,WA,98903
10/14/2020,WA,98135
10/13/2020,WA,97268
10/12/2020,WA,97015
10/11/2020,WA,96632
10/10/2020,WA,95931
10/9/2020,WA,95205
10/8/2020,WA,94482
10/7/2020,WA,93759
10/6/2020,WA,92853
10/5/2020,WA,92601
10/4/2020,WA,92198
10/3/2020,WA,91570
10/2/2020,WA,90990
10/1/2020,WA,90372
9/30/2020,WA,89739
9/29/2020,WA,88961
9/28/2020,WA,88761
9/27/2020,WA,88433
9/26/2020,WA,87912
9/25/2020,WA,87324
9/24/2020,WA,86729
9/23/2020,WA,86130
9/22/2020,WA,85461
9/21/2020,WA,85265
9/20/2020,WA,84942
9/19/2020,WA,84407
9/18/2020,WA,83929
9/17/2020,WA,83458
9/16/2020,WA,82976
9/15/2020,WA,82465
9/14/2020,WA,82327
9/13/2020,WA,82088
9/12/2020,WA,81610
9/11/2020,WA,81135
9/10/2020,WA,80599
9/9/2020,WA,80035
9/8/2020,WA,79816
9/7/2020,WA,79653
9/6/2020,WA,79349
9/5/2020,WA,78842
9/4/2020,WA,78315
9/3/2020,WA,77787
9/2/2020,WA,77238
9/1/2020,WA,76642
8/31/2020,WA,76480
8/30/2020,WA,76155
8/29/2020,WA,75656
8/28/2020,WA,75123
8/27/2020,WA,74525
8/26/2020,WA,73916
8/25/2020,WA,73284
8/24/2020,WA,73067
8/23/2020,WA,72793
8/22/2020,WA,72242
8/21/2020,WA,71733
8/20/2020,WA,71105
8/19/2020,WA,70481
8/18/2020,WA,69811
8/17/2020,WA,69647
8/16/2020,WA,69288
8/15/2020,WA,68615
8/14/2020,WA,67987
8/13/2020,WA,67355
8/12/2020,WA,66630
8/11/2020,WA,65806
8/10/2020,WA,65593
8/9/2020,WA,65229
8/8/2020,WA,64555
8/7/2020,WA,63823
8/6/2020,WA,63055
8/5/2020,WA,62183
8/4/2020,WA,61312
8/3/2020,WA,61074
8/2/2020,WA,60658
8/1/2020,WA,59947
7/31/2020,WA,59196
7/30/2020,WA,58298
7/29/2020,WA,57339
7/28/2020,WA,56338
7/27/2020,WA,56001
7/26/2020,WA,55526
7/25/2020,WA,54716
7/24/2020,WA,53809
7/23/2020,WA,52782
7/22/2020,WA,51686
7/21/2020,WA,50686
7/20/2020,WA,50343
7/19/2020,WA,49808
7/18/2020,WA,48900
7/17/2020,WA,48039
7/16/2020,WA,47039
7/15/2020,WA,46070
7/14/2020,WA,44977
7/13/2020,WA,44633
7/12/2020,WA,44091
7/11/2020,WA,43241
7/10/2020,WA,42375
7/9/2020,WA,41403
7/8/2020,WA,40341
7/7/2020,WA,39356
7/6/2020,WA,39055
7/5/2020,WA,38814
7/4/2020,WA,38361
7/3/2020,WA,37473
7/2/2020,WA,36589
7/1/2020,WA,35669
6/30/2020,WA,34680
6/29/2020,WA,34414
6/28/2020,WA,33921
6/27/2020,WA,33295
6/26/2020,WA,32634
6/25/2020,WA,31958
6/24/2020,WA,31338
6/23/2020,WA,30614
6/22/2020,WA,30423
6/21/2020,WA,30108
6/20/2020,WA,29587
6/19/2020,WA,29045
6/18/2020,WA,28585
6/17/2020,WA,28091
6/16/2020,WA,27571
6/15/2020,WA,27435
6/14/2020,WA,27242
6/13/2020,WA,26852
6/12/2020,WA,26452
6/11/2020,WA,26081
6/10/2020,WA,25672
6/9/2020,WA,25162
6/8/2020,WA,25052
6/7/2020,WA,24889
6/6/2020,WA,24496
6/5/2020,WA,24169
6/4/2020,WA,23787
6/3/2020,WA,23370
6/2/2020,WA,22960
6/1/2020,WA,22860
5/31/2020,WA,22711
5/30/2020,WA,22367
5/29/2020,WA,22065
5/28/2020,WA,21714
5/27/2020,WA,21314
5/26/2020,WA,21165
5/25/2020,WA,21063
5/24/2020,WA,20912
5/23/2020,WA,20599
5/22/2020,WA,20302
5/21/2020,WA,20034
5/20/2020,WA,19735
5/19/2020,WA,19416
5/18/2020,WA,19352
5/17/2020,WA,19234
5/16/2020,WA,18952
5/15/2020,WA,18681
5/14/2020,WA,18369
5/13/2020,WA,18118
5/12/2020,WA,17824
5/11/2020,WA,17763
5/10/2020,WA,17637
5/9/2020,WA,17383
5/8/2020,WA,17117
5/7/2020,WA,16828
5/6/2020,WA,16569
5/5/2020,WA,16181
5/4/2020,WA,16096
5/3/2020,WA,15983
5/2/2020,WA,15665
5/1/2020,WA,15418
4/30/2020,WA,15090
4/29/2020,WA,14795
4/28/2020,WA,14425
4/27/2020,WA,14311
4/26/2020,WA,14145
4/25/2020,WA,13794
4/24/2020,WA,13519
4/23/2020,WA,13235
4/22/2020,WA,12967
4/21/2020,WA,12633
4/20/2020,WA,12537
4/19/2020,WA,12361
4/18/2020,WA,12014
4/17/2020,WA,11705
4/16/2020,WA,11376
4/15/2020,WA,11074
4/14/2020,WA,10703
4/13/2020,WA,10613
4/12/2020,WA,10458
4/11/2020,WA,10149
4/10/2020,WA,9786
4/9/2020,WA,9440
4/8/2020,WA,9027
4/7/2020,WA,8632
4/6/2020,WA,8461
4/5/2020,WA,8254
4/4/2020,WA,7838
4/3/2020,WA,7439
4/2/2020,WA,6987
4/1/2020,WA,6525
3/31/2020,WA,5957
3/30/2020,WA,5716
3/29/2020,WA,5429
3/28/2020,WA,4967
3/27/2020,WA,4532
3/26/2020,WA,4091
3/25/2020,WA,3653
3/24/2020,WA,3190
3/23/2020,WA,2998
3/22/2020,WA,2801
3/21/2020,WA,2497
3/20/2020,WA,2163
3/19/2020,WA,1873
3/18/2020,WA,1605
3/17/2020,WA,1305
3/16/2020,WA,1197
3/15/2020,WA,1041
3/14/2020,WA,827
3/13/2020,WA,648
3/12/2020,WA,515
3/11/2020,WA,405
3/10/2020,WA,343
3/9/2020,WA,282
3/8/2020,WA,244
3/7/2020,WA,206
3/6/2020,WA,155
3/5/2020,WA,117
3/4/2020,WA,93
3/3/2020,WA,59
3/2/2020,WA,43
3/1/2020,WA,26
2/29/2020,WA,18
2/28/2020,WA,15
2/27/2020,WA,13
2/26/2020,WA,12
2/25/2020,WA,10
2/24/2020,WA,9
2/23/2020,WA,8
2/22/2020,WA,7
2/21/2020,WA,7
2/20/2020,WA,7
2/19/2020,WA,7
2/18/2020,WA,7
2/17/2020,WA,7
2/16/2020,WA,7
2/15/2020,WA,7
2/14/2020,WA,7
2/13/2020,WA,6
2/12/2020,WA,5
2/11/2020,WA,5
2/10/2020,WA,5
2/9/2020,WA,5
2/8/2020,WA,5
2/7/2020,WA,5
2/6/2020,WA,5
2/5/2020,WA,3
2/4/2020,WA,3
2/3/2020,WA,3
2/2/2020,WA,2
2/1/2020,WA,2
1/31/2020,WA,2
1/30/2020,WA,2
1/29/2020,WA,2
1/28/2020,WA,2
1/27/2020,WA,2
1/26/2020,WA,2
1/25/2020,WA,2
1/24/2020,WA,2
1/23/2020,WA,2
1/22/2020,WA,2
1/21/2020,WA,2
1/20/2020,WA,1
1/19/2020,WA,1
1/18/2020,WA,0
1/17/2020,WA,0
1/16/2020,WA,0
1/15/2020,WA,0
1/14/2020,WA,0
1/13/2020,WA,
