date,positive
1/13/2020,0
1/14/2020,0
1/15/2020,0
1/16/2020,0
1/17/2020,0
1/18/2020,0
1/19/2020,1
1/20/2020,1
1/21/2020,2
1/22/2020,2
1/23/2020,2
1/24/2020,2
1/25/2020,2
1/26/2020,2
1/27/2020,2
1/28/2020,2
1/29/2020,2
1/30/2020,2
1/31/2020,2
2/1/2020,2
2/2/2020,2
2/3/2020,3
2/4/2020,3
2/5/2020,3
2/6/2020,5
2/7/2020,5
2/8/2020,5
2/9/2020,5
2/10/2020,5
2/11/2020,5
2/12/2020,5
2/13/2020,6
2/14/2020,7
2/15/2020,7
2/16/2020,7
2/17/2020,7
2/18/2020,7
2/19/2020,7
2/20/2020,7
2/21/2020,7
2/22/2020,7
2/23/2020,8
2/24/2020,9
2/25/2020,10
2/26/2020,12
2/27/2020,13
2/28/2020,15
2/29/2020,18
3/1/2020,26
3/2/2020,43
3/3/2020,59
3/4/2020,93
3/5/2020,117
3/6/2020,155
3/7/2020,206
3/8/2020,244
3/9/2020,282
3/10/2020,343
3/11/2020,405
3/12/2020,515
3/13/2020,648
3/14/2020,827
3/15/2020,1041
3/16/2020,1197
3/17/2020,1305
3/18/2020,1605
3/19/2020,1873
3/20/2020,2163
3/21/2020,2497
3/22/2020,2801
3/23/2020,2998
3/24/2020,3190
3/25/2020,3653
3/26/2020,4091
3/27/2020,4532
3/28/2020,4967
3/29/2020,5429
3/30/2020,5716
3/31/2020,5957
4/1/2020,6525
4/2/2020,6987
4/3/2020,7439
4/4/2020,7838
4/5/2020,8254
4/6/2020,8461
4/7/2020,8632
4/8/2020,9027
4/9/2020,9440
4/10/2020,9786
4/11/2020,10149
4/12/2020,10458
4/13/2020,10613
4/14/2020,10703
4/15/2020,11074
4/16/2020,11376
4/17/2020,11705
4/18/2020,12014
4/19/2020,12361
4/20/2020,12537
4/21/2020,12633
4/22/2020,12967
4/23/2020,13235
4/24/2020,13519
4/25/2020,13794
4/26/2020,14145
4/27/2020,14311
4/28/2020,14425
4/29/2020,14795
4/30/2020,15090
5/1/2020,15418
5/2/2020,15665
5/3/2020,15983
5/4/2020,16096
5/5/2020,16181
5/6/2020,16569
5/7/2020,16828
5/8/2020,17117
5/9/2020,17383
5/10/2020,17637
5/11/2020,17763
5/12/2020,17824
5/13/2020,18118
5/14/2020,18369
5/15/2020,18681
5/16/2020,18952
5/17/2020,19234
5/18/2020,19352
5/19/2020,19416
5/20/2020,19735
5/21/2020,20034
5/22/2020,20302
5/23/2020,20599
5/24/2020,20912
5/25/2020,21063
5/26/2020,21165
5/27/2020,21314
5/28/2020,21714
5/29/2020,22065
5/30/2020,22367
5/31/2020,22711
6/1/2020,22860
6/2/2020,22960
6/3/2020,23370
6/4/2020,23787
6/5/2020,24169
6/6/2020,24496
6/7/2020,24889
6/8/2020,25052
6/9/2020,25162
6/10/2020,25672
6/11/2020,26081
6/12/2020,26452
6/13/2020,26852
6/14/2020,27242
6/15/2020,27435
6/16/2020,27571
6/17/2020,28091
6/18/2020,28585
6/19/2020,29045
6/20/2020,29587
6/21/2020,30108
6/22/2020,30423
6/23/2020,30614
6/24/2020,31338
6/25/2020,31958
6/26/2020,32634
6/27/2020,33295
6/28/2020,33921
6/29/2020,34414
6/30/2020,34680
7/1/2020,35669
7/2/2020,36589
7/3/2020,37473
7/4/2020,38361
7/5/2020,38814
7/6/2020,39055
7/7/2020,39356
7/8/2020,40341
7/9/2020,41403
7/10/2020,42375
7/11/2020,43241
7/12/2020,44091
7/13/2020,44633
7/14/2020,44977
7/15/2020,46070
7/16/2020,47039
7/17/2020,48039
7/18/2020,48900
7/19/2020,49808
7/20/2020,50343
7/21/2020,50686
7/22/2020,51686
7/23/2020,52782
7/24/2020,53809
7/25/2020,54716
7/26/2020,55526
7/27/2020,56001
7/28/2020,56338
7/29/2020,57339
7/30/2020,58298
7/31/2020,59196
8/1/2020,59947
8/2/2020,60658
8/3/2020,61074
8/4/2020,61312
8/5/2020,62183
8/6/2020,63055
8/7/2020,63823
8/8/2020,64555
8/9/2020,65229
8/10/2020,65593
8/11/2020,65806
8/12/2020,66630
8/13/2020,67355
8/14/2020,67987
8/15/2020,68615
8/16/2020,69288
8/17/2020,69647
8/18/2020,69811
8/19/2020,70481
8/20/2020,71105
8/21/2020,71733
8/22/2020,72242
8/23/2020,72793
8/24/2020,73067
8/25/2020,73284
8/26/2020,73916
8/27/2020,74525
8/28/2020,75123
8/29/2020,75656
8/30/2020,76155
8/31/2020,76480
9/1/2020,76642
9/2/2020,77238
9/3/2020,77787
9/4/2020,78315
9/5/2020,78842
9/6/2020,79349
9/7/2020,79653
9/8/2020,79816
9/9/2020,80035
9/10/2020,80599
9/11/2020,81135
9/12/2020,81610
9/13/2020,82088
9/14/2020,82327
9/15/2020,82465
9/16/2020,82976
9/17/2020,83458
9/18/2020,83929
9/19/2020,84407
9/20/2020,84942
9/21/2020,85265
9/22/2020,85461
9/23/2020,86130
9/24/2020,86729
9/25/2020,87324
9/26/2020,87912
9/27/2020,88433
9/28/2020,88761
9/29/2020,88961
9/30/2020,89739
10/1/2020,90372
10/2/2020,90990
10/3/2020,91570
10/4/2020,92198
10/5/2020,92601
10/6/2020,92853
10/7/2020,93759
10/8/2020,94482
10/9/2020,95205
10/10/2020,95931
10/11/2020,96632
10/12/2020,97015
10/13/2020,97268
10/14/2020,98135
10/15/2020,98903
10/16/2020,99674
10/17/2020,100444
10/18/2020,101108
10/19/2020,101517
10/20/2020,101815
10/21/2020,102728
10/22/2020,103646
10/23/2020,104431
10/24/2020,105280
10/25/2020,106115
10/26/2020,106704
10/27/2020,107052
10/28/2020,108185
10/29/2020,109260
10/30/2020,110362
10/31/2020,111607
11/1/2020,112754
11/2/2020,113541
11/3/2020,114084
11/4/2020,115790
11/5/2020,117385
11/6/2020,119257
11/7/2020,121381
11/8/2020,123312
11/9/2020,124719
11/10/2020,125496
11/11/2020,128209
11/12/2020,130593
11/13/2020,132756
11/14/2020,135666
11/15/2020,138276
11/16/2020,140157
11/17/2020,141326
11/18/2020,144780
11/19/2020,147996
11/20/2020,151066
11/21/2020,154148
11/22/2020,157341
11/23/2020,159231
11/24/2020,160636
11/25/2020,164314
11/26/2020,167471
11/27/2020,170407
11/28/2020,170937
11/29/2020,173561
11/30/2020,175740
12/1/2020,177054
12/2/2020,181756
12/3/2020,185157
12/4/2020,188469
12/5/2020,191607
12/6/2020,194687
12/7/2020,196460
12/8/2020,197642
12/9/2020,201292
12/10/2020,204269
12/11/2020,206826
12/12/2020,209247
12/13/2020,211475
12/14/2020,212885
12/15/2020,213537
12/16/2020,214204
12/17/2020,214265
12/18/2020,217205
12/19/2020,220268
12/20/2020,222600
12/21/2020,222600
12/22/2020,226635
12/23/2020,227887
12/24/2020,230202
12/25/2020,233093
12/26/2020,233093
12/27/2020,236719
12/28/2020,236719
12/29/2020,238672
12/30/2020,240846
12/31/2020,242330
1/1/2021,246752
1/2/2021,246752
1/3/2021,246752
1/4/2021,255396
1/5/2021,256435
1/6/2021,258767
1/7/2021,260752
1/8/2021,264012
1/9/2021,268607
1/10/2021,271595
1/11/2021,271595
1/12/2021,276686
1/13/2021,278544
1/14/2021,281202
1/15/2021,283777
1/16/2021,285970
1/17/2021,285970
1/18/2021,289939
1/19/2021,289939
1/20/2021,291989
1/21/2021,294017
1/22/2021,296087
1/23/2021,298249
1/24/2021,300198
1/25/2021,300198
1/26/2021,302141
1/27/2021,303482
1/28/2021,305289
1/29/2021,307809
1/30/2021,309801
1/31/2021,311597
2/1/2021,311597
2/2/2021,313335
2/3/2021,314692
2/4/2021,316294
2/5/2021,317878
2/6/2021,319371
2/7/2021,320146
2/8/2021,320146
2/9/2021,323214
2/10/2021,324025
2/11/2021,324706
2/12/2021,326159
2/13/2021,327167
2/14/2021,328047
2/15/2021,328047
2/16/2021,328047
2/17/2021,329746
2/18/2021,330807
2/19/2021,332007
2/20/2021,332904
2/21/2021,333794
2/22/2021,333794
2/23/2021,334962
2/24/2021,335693
2/25/2021,336565
2/26/2021,337653
2/27/2021,338822
2/28/2021,339773
3/1/2021,339773
3/2/2021,340708
3/3/2021,341441
3/4/2021,342236
3/5/2021,343090
3/6/2021,343868
3/7/2021,344532
